,Word,Count,% of Total
1,you,2577,7.1123009411310125
2,i,2549,7.035023321281704
3,me,803,2.2162117406783874
4,my,593,1.636629591808572
5,your,470,1.2971600474705378
6,oh,466,1.2861203874920653
7,love,428,1.181243617696575
8,in,407,1.1232854028095933
9,be,405,1.1177655728203573
10,know,396,1.0929263378687937
11,all,378,1.0432478679656667
12,so,364,1.0046090580410123
13,like,346,0.9549305881378853
14,dont,345,0.9521706731432673
15,just,338,0.93285126818094
16,on,332,0.9162917782132309
17,will,311,0.8583335633262495
18,have,304,0.8390141583639223
19,its,298,0.8224546683962134
20,but,292,0.8058951784285044
21,yeah,290,0.8003753484392682
22,baby,289,0.7976154334446499
23,no,284,0.7838158584715591
24,with,273,0.7534567935307592
25,what,266,0.7341373885684321
26,now,256,0.7065382386222505
27,we,241,0.6651395137029779
28,heart,238,0.6568597687191234
29,one,215,0.5933817238429057
30,never,212,0.5851019788590511
31,for,210,0.5795821488698149
32,cant,208,0.5740623188805785
33,if,200,0.5519829989236331
34,ooh,192,0.5299036789666878
35,can,190,0.5243838489774515
36,chorus,187,0.5161041039935971
37,wanna,184,0.5078243590097425
38,when,182,0.5023045290205062
39,want,181,0.49954461402588796
40,way,174,0.4802252090635608
41,cause,174,0.4802252090635608
42,back,172,0.47470537907432453
43,say,169,0.46642563409047
44,time,167,0.46090580410123366
45,do,165,0.4553859741119974
46,go,163,0.449866144122761
47,got,159,0.4388264841442884
48,let,152,0.4195070791819612
49,need,145,0.4001876742196341
50,make,136,0.37534843926807054
51,out,136,0.37534843926807054
52,were,135,0.3725885242734524
53,as,134,0.3698286092788342
54,up,131,0.36154886429497973
55,right,127,0.35050920431650706
56,would,125,0.3449893743272707
57,how,122,0.33670962934341625
58,could,118,0.3256699693649436
59,tell,117,0.3229100543703254
60,get,114,0.3146303093864709
61,take,114,0.3146303093864709
62,girl,114,0.3146303093864709
63,life,112,0.30911047939723457
64,not,111,0.3063505644026164
65,feel,110,0.30359064940799824
66,see,106,0.29255098942952557
67,night,106,0.29255098942952557
68,come,104,0.28703115944028923
69,there,102,0.2815113294510529
70,where,100,0.27599149946181656
71,was,100,0.27599149946181656
72,she,99,0.2732315844671984
73,down,99,0.2732315844671984
74,always,95,0.26219192448872575
75,still,93,0.2566720944994894
76,world,93,0.2566720944994894
77,been,93,0.2566720944994894
78,hey,92,0.25391217950487127
79,everybody,91,0.2511522645102531
80,gonna,89,0.24563243452101674
81,theres,86,0.23735268953716226
82,everything,84,0.23183285954792593
83,said,83,0.22907294455330773
84,more,82,0.2263130295586896
85,roll,81,0.22355311456407143
86,over,80,0.22079319956945326
87,leave,78,0.21527336958021692
88,aint,78,0.21527336958021692
89,without,78,0.21527336958021692
90,na,77,0.21251345458559875
91,us,76,0.2097535395909806
92,again,76,0.2097535395909806
93,long,75,0.20699362459636242
94,every,75,0.20699362459636242
95,light,75,0.20699362459636242
96,only,75,0.20699362459636242
97,give,74,0.20423370960174428
98,why,74,0.20423370960174428
99,ha,74,0.20423370960174428
100,at,73,0.2014737946071261
101,through,72,0.19871387961250794
102,here,72,0.19871387961250794
103,our,70,0.1931940496232716
104,eyes,70,0.1931940496232716
105,who,68,0.18767421963403527
106,her,68,0.18767421963403527
107,brian,67,0.1849143046394171
108,much,67,0.1849143046394171
109,bye,67,0.1849143046394171
110,else,65,0.17939447465018077
111,day,63,0.17387464466094446
112,gotta,63,0.17387464466094446
113,nick,62,0.1711147296663263
114,aj,62,0.1711147296663263
115,close,61,0.16835481467170813
116,place,60,0.16559489967708996
117,nothing,56,0.15455523969861729
118,things,56,0.15455523969861729
119,had,56,0.15455523969861729
120,care,54,0.14903540970938095
121,believe,53,0.14627549471476278
122,did,53,0.14627549471476278
123,done,52,0.14351557972014461
124,left,52,0.14351557972014461
125,think,52,0.14351557972014461
126,stay,51,0.14075566472552645
127,body,51,0.14075566472552645
128,show,51,0.14075566472552645
129,around,50,0.13799574973090828
130,hear,50,0.13799574973090828
131,keep,50,0.13799574973090828
132,days,48,0.13247591974167194
133,wish,48,0.13247591974167194
134,best,48,0.13247591974167194
135,nobody,48,0.13247591974167194
136,hold,47,0.12971600474705378
137,than,47,0.12971600474705378
138,by,47,0.12971600474705378
139,alright,46,0.12695608975243564
140,thing,46,0.12695608975243564
141,another,46,0.12695608975243564
142,away,46,0.12695608975243564
143,really,45,0.12419617475781747
144,find,45,0.12419617475781747
145,crazy,45,0.12419617475781747
146,stop,45,0.12419617475781747
147,about,45,0.12419617475781747
148,la,45,0.12419617475781747
149,howie,45,0.12419617475781747
150,try,45,0.12419617475781747
151,better,44,0.1214362597631993
152,alone,43,0.11867634476858113
153,true,43,0.11867634476858113
154,new,43,0.11867634476858113
155,face,43,0.11867634476858113
156,wrong,43,0.11867634476858113
157,inside,42,0.11591642977396296
158,call,42,0.11591642977396296
159,turn,42,0.11591642977396296
160,something,42,0.11591642977396296
161,somebody,42,0.11591642977396296
162,whoa,41,0.1131565147793448
163,wont,41,0.1131565147793448
164,last,40,0.11039659978472663
165,forever,40,0.11039659978472663
166,fall,40,0.11039659978472663
167,even,40,0.11039659978472663
168,well,39,0.10763668479010846
169,too,39,0.10763668479010846
170,goodbye,39,0.10763668479010846
171,tonight,38,0.1048767697954903
172,hands,38,0.1048767697954903
173,rock,37,0.10211685480087214
174,live,36,0.09935693980625397
175,playin,36,0.09935693980625397
176,ever,36,0.09935693980625397
177,cuz,36,0.09935693980625397
178,then,36,0.09935693980625397
179,chance,36,0.09935693980625397
180,games,36,0.09935693980625397
181,lets,36,0.09935693980625397
182,makes,35,0.0965970248116358
183,apart,35,0.0965970248116358
184,uh,35,0.0965970248116358
185,party,35,0.0965970248116358
186,falling,34,0.09383710981701764
187,mind,34,0.09383710981701764
188,yes,34,0.09383710981701764
189,they,34,0.09383710981701764
190,words,33,0.09107719482239947
191,boys,33,0.09107719482239947
192,lights,33,0.09107719482239947
193,used,32,0.08831727982778131
194,made,32,0.08831727982778131
195,masquerade,32,0.08831727982778131
196,some,31,0.08555736483316315
197,breathe,31,0.08555736483316315
198,good,31,0.08555736483316315
199,end,31,0.08555736483316315
200,change,31,0.08555736483316315
201,home,31,0.08555736483316315
202,look,30,0.08279744983854498
203,gone,30,0.08279744983854498
204,quit,30,0.08279744983854498
205,pda,30,0.08279744983854498
206,shattered,30,0.08279744983854498
207,lose,29,0.08003753484392681
208,soldier,29,0.08003753484392681
209,goes,29,0.08003753484392681
210,listen,29,0.08003753484392681
211,should,29,0.08003753484392681
212,sun,28,0.07727761984930864
213,please,28,0.07727761984930864
214,other,28,0.07727761984930864
215,mean,28,0.07727761984930864
216,beautiful,28,0.07727761984930864
217,run,27,0.07451770485469048
218,enough,27,0.07451770485469048
219,part,27,0.07451770485469048
220,same,26,0.07175778986007231
221,people,26,0.07175778986007231
222,promise,26,0.07175778986007231
223,them,26,0.07175778986007231
224,feels,25,0.06899787486545414
225,die,25,0.06899787486545414
226,maybe,25,0.06899787486545414
227,bridge,25,0.06899787486545414
228,before,25,0.06899787486545414
229,little,25,0.06899787486545414
230,start,25,0.06899787486545414
231,knew,24,0.06623795987083597
232,side,24,0.06623795987083597
233,hes,24,0.06623795987083597
234,2x,24,0.06623795987083597
235,first,24,0.06623795987083597
236,once,24,0.06623795987083597
237,repeat,24,0.06623795987083597
238,someone,23,0.06347804487621782
239,hard,23,0.06347804487621782
240,mine,23,0.06347804487621782
241,into,23,0.06347804487621782
242,kiss,23,0.06347804487621782
243,phone,22,0.06071812988159965
244,lie,22,0.06071812988159965
245,ya,22,0.06071812988159965
246,matter,22,0.06071812988159965
247,hide,22,0.06071812988159965
248,breaking,22,0.06071812988159965
249,head,22,0.06071812988159965
250,after,22,0.06071812988159965
251,waiting,22,0.06071812988159965
252,nothin,22,0.06071812988159965
253,reason,22,0.06071812988159965
254,cry,22,0.06071812988159965
255,must,21,0.05795821488698148
256,em,21,0.05795821488698148
257,dark,21,0.05795821488698148
258,free,21,0.05795821488698148
259,smile,21,0.05795821488698148
260,together,21,0.05795821488698148
261,deep,21,0.05795821488698148
262,going,21,0.05795821488698148
263,floor,21,0.05795821488698148
264,man,20,0.055198299892363314
265,forget,20,0.055198299892363314
266,lookin,20,0.055198299892363314
267,truth,20,0.055198299892363314
268,bad,20,0.055198299892363314
269,open,20,0.055198299892363314
270,remember,20,0.055198299892363314
271,sure,19,0.05243838489774515
272,everyone,19,0.05243838489774515
273,doesnt,19,0.05243838489774515
274,everyday,19,0.05243838489774515
275,has,19,0.05243838489774515
276,looking,19,0.05243838489774515
277,dreams,19,0.05243838489774515
278,help,19,0.05243838489774515
279,comes,18,0.049678469903126986
280,within,18,0.049678469903126986
281,an,18,0.049678469903126986
282,walk,18,0.049678469903126986
283,feeling,18,0.049678469903126986
284,put,18,0.049678469903126986
285,talk,18,0.049678469903126986
286,trust,18,0.049678469903126986
287,million,18,0.049678469903126986
288,imma,18,0.049678469903126986
289,alive,18,0.049678469903126986
290,lost,18,0.049678469903126986
291,two,18,0.049678469903126986
292,play,17,0.04691855490850882
293,nowhere,17,0.04691855490850882
294,step,17,0.04691855490850882
295,coming,17,0.04691855490850882
296,holding,17,0.04691855490850882
297,arms,17,0.04691855490850882
298,getting,17,0.04691855490850882
299,didnt,17,0.04691855490850882
300,whats,17,0.04691855490850882
301,wait,17,0.04691855490850882
302,thought,17,0.04691855490850882
303,takes,17,0.04691855490850882
304,mistake,17,0.04691855490850882
305,may,17,0.04691855490850882
306,stand,16,0.04415863991389066
307,pain,16,0.04415863991389066
308,fire,16,0.04415863991389066
309,helpless,16,0.04415863991389066
310,sorry,16,0.04415863991389066
311,late,16,0.04415863991389066
312,though,16,0.04415863991389066
313,break,15,0.04139872491927249
314,kind,15,0.04139872491927249
315,music,15,0.04139872491927249
316,dream,15,0.04139872491927249
317,far,15,0.04139872491927249
318,babe,15,0.04139872491927249
319,sweet,15,0.04139872491927249
320,shes,15,0.04139872491927249
321,promises,15,0.04139872491927249
322,different,15,0.04139872491927249
323,set,15,0.04139872491927249
324,changed,15,0.04139872491927249
325,rain,15,0.04139872491927249
326,miss,15,0.04139872491927249
327,myself,15,0.04139872491927249
328,behind,15,0.04139872491927249
329,everywhere,14,0.03863880992465432
330,blind,14,0.03863880992465432
331,fine,14,0.03863880992465432
332,hand,14,0.03863880992465432
333,touch,14,0.03863880992465432
334,single,14,0.03863880992465432
335,wed,14,0.03863880992465432
336,moment,14,0.03863880992465432
337,saved,14,0.03863880992465432
338,many,14,0.03863880992465432
339,sky,14,0.03863880992465432
340,straight,14,0.03863880992465432
341,understand,14,0.03863880992465432
342,ohh,14,0.03863880992465432
343,star,14,0.03863880992465432
344,whatever,14,0.03863880992465432
345,strong,14,0.03863880992465432
346,guess,14,0.03863880992465432
347,walls,14,0.03863880992465432
348,tryin,14,0.03863880992465432
349,backstreets,14,0.03863880992465432
350,those,14,0.03863880992465432
351,hot,14,0.03863880992465432
352,he,14,0.03863880992465432
353,minute,13,0.035878894930036154
354,killing,13,0.035878894930036154
355,nothings,13,0.035878894930036154
356,fight,13,0.035878894930036154
357,round,13,0.035878894930036154
358,saying,13,0.035878894930036154
359,ok,13,0.035878894930036154
360,knows,13,0.035878894930036154
361,undone,13,0.035878894930036154
362,searching,13,0.035878894930036154
363,honey,13,0.035878894930036154
364,pieces,13,0.035878894930036154
365,dance,13,0.035878894930036154
366,running,13,0.035878894930036154
367,door,13,0.035878894930036154
368,until,13,0.035878894930036154
369,work,13,0.035878894930036154
370,10000,13,0.035878894930036154
371,anything,13,0.035878894930036154
372,hurts,13,0.035878894930036154
373,known,13,0.035878894930036154
374,taking,13,0.035878894930036154
375,lied,13,0.035878894930036154
376,shining,13,0.035878894930036154
377,gave,13,0.035878894930036154
378,took,13,0.035878894930036154
379,times,13,0.035878894930036154
380,save,13,0.035878894930036154
381,off,13,0.035878894930036154
382,ah,13,0.035878894930036154
383,air,13,0.035878894930036154
384,rise,13,0.035878894930036154
385,each,13,0.035878894930036154
386,outside,12,0.033118979935417986
387,leaving,12,0.033118979935417986
388,because,12,0.033118979935417986
389,lonely,12,0.033118979935417986
390,everytime,12,0.033118979935417986
391,anymore,12,0.033118979935417986
392,next,12,0.033118979935417986
393,goin,12,0.033118979935417986
394,colder,12,0.033118979935417986
395,x9,12,0.033118979935417986
396,seem,12,0.033118979935417986
397,deserve,12,0.033118979935417986
398,finally,12,0.033118979935417986
399,till,12,0.033118979935417986
400,seen,12,0.033118979935417986
401,being,12,0.033118979935417986
402,passionate,12,0.033118979935417986
403,standing,12,0.033118979935417986
404,weird,12,0.033118979935417986
405,found,12,0.033118979935417986
406,lies,12,0.033118979935417986
407,movin,12,0.033118979935417986
408,groove,12,0.033118979935417986
409,word,11,0.030359064940799825
410,wherever,11,0.030359064940799825
411,dj,11,0.030359064940799825
412,tears,11,0.030359064940799825
413,crawling,11,0.030359064940799825
414,nights,11,0.030359064940799825
415,heartache,11,0.030359064940799825
416,shouldve,11,0.030359064940799825
417,fool,11,0.030359064940799825
418,move,11,0.030359064940799825
419,child,11,0.030359064940799825
420,low,11,0.030359064940799825
421,near,11,0.030359064940799825
422,saw,11,0.030359064940799825
423,color,11,0.030359064940799825
424,mr,11,0.030359064940799825
425,broke,11,0.030359064940799825
426,treat,11,0.030359064940799825
427,tried,11,0.030359064940799825
428,memories,10,0.027599149946181657
429,shorty,10,0.027599149946181657
430,perfect,10,0.027599149946181657
431,real,10,0.027599149946181657
432,keeps,10,0.027599149946181657
433,met,10,0.027599149946181657
434,wild,10,0.027599149946181657
435,along,10,0.027599149946181657
436,kevin,10,0.027599149946181657
437,does,10,0.027599149946181657
438,wouldnt,10,0.027599149946181657
439,shape,10,0.027599149946181657
440,become,10,0.027599149946181657
441,between,10,0.027599149946181657
442,yourself,10,0.027599149946181657
443,own,10,0.027599149946181657
444,showed,10,0.027599149946181657
445,permanent,10,0.027599149946181657
446,game,10,0.027599149946181657
447,name,10,0.027599149946181657
448,hit,10,0.027599149946181657
449,huh,10,0.027599149946181657
450,loves,10,0.027599149946181657
451,somewhere,9,0.024839234951563493
452,til,9,0.024839234951563493
453,nearby,9,0.024839234951563493
454,dadadadadada,9,0.024839234951563493
455,stain,9,0.024839234951563493
456,afraid,9,0.024839234951563493
457,ground,9,0.024839234951563493
458,answer,9,0.024839234951563493
459,kept,9,0.024839234951563493
460,chances,9,0.024839234951563493
461,matters,9,0.024839234951563493
462,starts,9,0.024839234951563493
463,angels,9,0.024839234951563493
464,since,9,0.024839234951563493
465,sometimes,9,0.024839234951563493
466,chateau,9,0.024839234951563493
467,stuck,9,0.024839234951563493
468,cold,9,0.024839234951563493
469,livin,9,0.024839234951563493
470,hope,9,0.024839234951563493
471,god,9,0.024839234951563493
472,today,9,0.024839234951563493
473,friend,9,0.024839234951563493
474,therell,9,0.024839234951563493
475,supposed,9,0.024839234951563493
476,someday,9,0.024839234951563493
477,broken,9,0.024839234951563493
478,comin,9,0.024839234951563493
479,meant,9,0.024839234951563493
480,bit,9,0.024839234951563493
481,wake,9,0.024839234951563493
482,song,9,0.024839234951563493
483,soon,9,0.024839234951563493
484,taste,9,0.024839234951563493
485,larger,9,0.024839234951563493
486,hearts,9,0.024839234951563493
487,trouble,9,0.024839234951563493
488,prove,9,0.024839234951563493
489,afternoon,9,0.024839234951563493
490,wide,9,0.024839234951563493
491,soul,9,0.024839234951563493
492,everythings,9,0.024839234951563493
493,second,9,0.024839234951563493
494,space,8,0.02207931995694533
495,lips,8,0.02207931995694533
496,letting,8,0.02207931995694533
497,jam,8,0.02207931995694533
498,boyfriend,8,0.02207931995694533
499,whole,8,0.02207931995694533
500,meet,8,0.02207931995694533
501,madeleine,8,0.02207931995694533
502,shot,8,0.02207931995694533
503,poster,8,0.02207931995694533
504,woman,8,0.02207931995694533
505,already,8,0.02207931995694533
506,walking,8,0.02207931995694533
507,evergreen,8,0.02207931995694533
508,voice,8,0.02207931995694533
509,middle,8,0.02207931995694533
510,closer,8,0.02207931995694533
511,came,8,0.02207931995694533
512,bring,8,0.02207931995694533
513,hurting,8,0.02207931995694533
514,anywhere,8,0.02207931995694533
515,swear,8,0.02207931995694533
516,felt,8,0.02207931995694533
517,control,8,0.02207931995694533
518,friends,8,0.02207931995694533
519,caught,8,0.02207931995694533
520,watch,8,0.02207931995694533
521,loneliness,8,0.02207931995694533
522,knowing,8,0.02207931995694533
523,spent,8,0.02207931995694533
524,tear,8,0.02207931995694533
525,aall,8,0.02207931995694533
526,crying,8,0.02207931995694533
527,eh,8,0.02207931995694533
528,worry,8,0.02207931995694533
529,sing,8,0.02207931995694533
530,car,8,0.02207931995694533
531,while,8,0.02207931995694533
532,bed,8,0.02207931995694533
533,walked,8,0.02207931995694533
534,explain,8,0.02207931995694533
535,couldnt,8,0.02207931995694533
536,empty,8,0.02207931995694533
537,heaven,8,0.02207931995694533
538,says,8,0.02207931995694533
539,lovers,8,0.02207931995694533
540,reach,7,0.01931940496232716
541,begging,7,0.01931940496232716
542,erase,7,0.01931940496232716
543,lay,7,0.01931940496232716
544,piece,7,0.01931940496232716
545,stars,7,0.01931940496232716
546,rest,7,0.01931940496232716
547,pride,7,0.01931940496232716
548,thank,7,0.01931940496232716
549,front,7,0.01931940496232716
550,seems,7,0.01931940496232716
551,young,7,0.01931940496232716
552,chest,7,0.01931940496232716
553,impossible,7,0.01931940496232716
554,throw,7,0.01931940496232716
555,line,7,0.01931940496232716
556,realize,7,0.01931940496232716
557,hate,7,0.01931940496232716
558,knees,7,0.01931940496232716
559,hurt,7,0.01931940496232716
560,sleep,7,0.01931940496232716
561,breath,7,0.01931940496232716
562,living,7,0.01931940496232716
563,fade,7,0.01931940496232716
564,heard,7,0.01931940496232716
565,sign,7,0.01931940496232716
566,worlds,7,0.01931940496232716
567,bottom,7,0.01931940496232716
568,wonder,7,0.01931940496232716
569,hell,7,0.01931940496232716
570,nkotb,7,0.01931940496232716
571,any,7,0.01931940496232716
572,desire,7,0.01931940496232716
573,share,7,0.01931940496232716
574,safest,7,0.01931940496232716
575,wasnt,7,0.01931940496232716
576,shake,7,0.01931940496232716
577,slow,7,0.01931940496232716
578,forgive,7,0.01931940496232716
579,sunday,7,0.01931940496232716
580,mom,7,0.01931940496232716
581,trying,7,0.01931940496232716
582,story,7,0.01931940496232716
583,pretty,7,0.01931940496232716
584,wear,7,0.01931940496232716
585,beside,7,0.01931940496232716
586,scared,7,0.01931940496232716
587,bein,7,0.01931940496232716
588,might,7,0.01931940496232716
589,compare,6,0.016559489967708993
590,beat,6,0.016559489967708993
591,shoulder,6,0.016559489967708993
592,high,6,0.016559489967708993
593,secrets,6,0.016559489967708993
594,lalala,6,0.016559489967708993
595,touching,6,0.016559489967708993
596,meaning,6,0.016559489967708993
597,backstreet,6,0.016559489967708993
598,doing,6,0.016559489967708993
599,dancing,6,0.016559489967708993
600,read,6,0.016559489967708993
601,spinning,6,0.016559489967708993
602,ones,6,0.016559489967708993
603,unsuspecting,6,0.016559489967708993
604,bigger,6,0.016559489967708993
605,wanted,6,0.016559489967708993
606,death,6,0.016559489967708993
607,mmm,6,0.016559489967708993
608,public,6,0.016559489967708993
609,isnt,6,0.016559489967708993
610,under,6,0.016559489967708993
611,moving,6,0.016559489967708993
612,road,6,0.016559489967708993
613,bout,6,0.016559489967708993
614,ending,6,0.016559489967708993
615,playa,6,0.016559489967708993
616,top,6,0.016559489967708993
617,prechorus,6,0.016559489967708993
618,decide,6,0.016559489967708993
619,upon,6,0.016559489967708993
620,mad,6,0.016559489967708993
621,fast,6,0.016559489967708993
622,years,6,0.016559489967708993
623,shame,6,0.016559489967708993
624,anyone,6,0.016559489967708993
625,family,6,0.016559489967708993
626,bsb,6,0.016559489967708993
627,his,6,0.016559489967708993
628,fighting,6,0.016559489967708993
629,oooh,6,0.016559489967708993
630,shines,6,0.016559489967708993
631,ways,6,0.016559489967708993
632,breathing,6,0.016559489967708993
633,view,6,0.016559489967708993
634,lover,6,0.016559489967708993
635,fading,6,0.016559489967708993
636,siberia,6,0.016559489967708993
637,ask,6,0.016559489967708993
638,tick,6,0.016559489967708993
639,ima,6,0.016559489967708993
640,tearin,6,0.016559489967708993
641,sand,6,0.016559489967708993
642,burning,6,0.016559489967708993
643,fly,6,0.016559489967708993
644,thousand,6,0.016559489967708993
645,display,5,0.013799574973090829
646,worthy,5,0.013799574973090829
647,blame,5,0.013799574973090829
648,acting,5,0.013799574973090829
649,b,5,0.013799574973090829
650,consequences,5,0.013799574973090829
651,red,5,0.013799574973090829
652,dadadadada,5,0.013799574973090829
653,chain,5,0.013799574973090829
654,twisted,5,0.013799574973090829
655,calling,5,0.013799574973090829
656,theyre,5,0.013799574973090829
657,past,5,0.013799574973090829
658,water,5,0.013799574973090829
659,ii,5,0.013799574973090829
660,mysterious,5,0.013799574973090829
661,atmosphere,5,0.013799574973090829
662,clear,5,0.013799574973090829
663,person,5,0.013799574973090829
664,drive,5,0.013799574973090829
665,pick,5,0.013799574973090829
666,started,5,0.013799574973090829
667,pray,5,0.013799574973090829
668,original,5,0.013799574973090829
669,anybody,5,0.013799574973090829
670,shared,5,0.013799574973090829
671,distance,5,0.013799574973090829
672,reasons,5,0.013799574973090829
673,sharing,5,0.013799574973090829
674,complete,5,0.013799574973090829
675,message,5,0.013799574973090829
676,quick,5,0.013799574973090829
677,watching,5,0.013799574973090829
678,sea,5,0.013799574973090829
679,promised,5,0.013799574973090829
680,sexual,5,0.013799574973090829
681,tomorrow,5,0.013799574973090829
682,awake,5,0.013799574973090829
683,actions,5,0.013799574973090829
684,satellite,5,0.013799574973090829
685,destiny,5,0.013799574973090829
686,whenever,5,0.013799574973090829
687,lying,5,0.013799574973090829
688,affection,5,0.013799574973090829
689,fix,5,0.013799574973090829
690,cmon,5,0.013799574973090829
691,their,5,0.013799574973090829
692,whos,5,0.013799574973090829
693,numb,5,0.013799574973090829
694,climbing,5,0.013799574973090829
695,win,5,0.013799574973090829
696,telling,5,0.013799574973090829
697,bruised,5,0.013799574973090829
698,him,5,0.013799574973090829
699,kinda,5,0.013799574973090829
700,sick,5,0.013799574973090829
701,boy,5,0.013799574973090829
702,looks,5,0.013799574973090829
703,dropping,5,0.013799574973090829
704,darling,5,0.013799574973090829
705,talking,5,0.013799574973090829
706,three,5,0.013799574973090829
707,use,5,0.013799574973090829
708,went,5,0.013799574973090829
709,pretend,5,0.013799574973090829
710,half,5,0.013799574973090829
711,battery,5,0.013799574973090829
712,needed,5,0.013799574973090829
713,teach,5,0.013799574973090829
714,skin,5,0.013799574973090829
715,reaction,5,0.013799574973090829
716,across,5,0.013799574973090829
717,spilled,5,0.013799574973090829
718,fireworks,4,0.011039659978472664
719,hadnt,4,0.011039659978472664
720,thinking,4,0.011039659978472664
721,callin,4,0.011039659978472664
722,moon,4,0.011039659978472664
723,collide,4,0.011039659978472664
724,rather,4,0.011039659978472664
725,crowd,4,0.011039659978472664
726,feelings,4,0.011039659978472664
727,stupid,4,0.011039659978472664
728,cover,4,0.011039659978472664
729,room,4,0.011039659978472664
730,fit,4,0.011039659978472664
731,pulling,4,0.011039659978472664
732,turned,4,0.011039659978472664
733,3x,4,0.011039659978472664
734,rushin,4,0.011039659978472664
735,stuff,4,0.011039659978472664
736,hahahahaha,4,0.011039659978472664
737,store,4,0.011039659978472664
738,parade,4,0.011039659978472664
739,asked,4,0.011039659978472664
740,very,4,0.011039659978472664
741,begin,4,0.011039659978472664
742,mystery,4,0.011039659978472664
743,old,4,0.011039659978472664
744,loved,4,0.011039659978472664
745,judge,4,0.011039659978472664
746,dreamers,4,0.011039659978472664
747,havent,4,0.011039659978472664
748,rushed,4,0.011039659978472664
749,swing,4,0.011039659978472664
750,queen,4,0.011039659978472664
751,damage,4,0.011039659978472664
752,divine,4,0.011039659978472664
753,yours,4,0.011039659978472664
754,unsaid,4,0.011039659978472664
755,smooth,4,0.011039659978472664
756,whatcha,4,0.011039659978472664
757,wonderful,4,0.011039659978472664
758,loud,4,0.011039659978472664
759,banging,4,0.011039659978472664
760,inconsolable,4,0.011039659978472664
761,okay,4,0.011039659978472664
762,sound,4,0.011039659978472664
763,tight,4,0.011039659978472664
764,clock,4,0.011039659978472664
765,t,4,0.011039659978472664
766,shine,4,0.011039659978472664
767,played,4,0.011039659978472664
768,lead,4,0.011039659978472664
769,fell,4,0.011039659978472664
770,somehow,4,0.011039659978472664
771,ohoh,4,0.011039659978472664
772,climb,4,0.011039659978472664
773,emphasis,4,0.011039659978472664
774,moves,4,0.011039659978472664
775,favorite,4,0.011039659978472664
776,darkest,4,0.011039659978472664
777,changing,4,0.011039659978472664
778,stayed,4,0.011039659978472664
779,pour,4,0.011039659978472664
780,ring,4,0.011039659978472664
781,tone,4,0.011039659978472664
782,hour,4,0.011039659978472664
783,hesitate,4,0.011039659978472664
784,lines,4,0.011039659978472664
785,grow,4,0.011039659978472664
786,tired,4,0.011039659978472664
787,singing,4,0.011039659978472664
788,wants,4,0.011039659978472664
789,zone,4,0.011039659978472664
790,shed,4,0.011039659978472664
791,asleep,4,0.011039659978472664
792,higher,4,0.011039659978472664
793,drivin,4,0.011039659978472664
794,hair,4,0.011039659978472664
795,missing,4,0.011039659978472664
796,frozen,4,0.011039659978472664
797,fake,4,0.011039659978472664
798,stronger,4,0.011039659978472664
799,ice,4,0.011039659978472664
800,deal,4,0.011039659978472664
801,mark,4,0.011039659978472664
802,feelin,4,0.011039659978472664
803,stole,4,0.011039659978472664
804,misery,4,0.011039659978472664
805,incomplete,4,0.011039659978472664
806,dragging,4,0.011039659978472664
807,starlight,4,0.011039659978472664
808,happily,4,0.011039659978472664
809,kissed,4,0.011039659978472664
810,finding,4,0.011039659978472664
811,shows,4,0.011039659978472664
812,king,4,0.011039659978472664
813,touched,4,0.011039659978472664
814,suppose,4,0.011039659978472664
815,heh,4,0.011039659978472664
816,beggin,4,0.011039659978472664
817,resist,4,0.011039659978472664
818,war,4,0.011039659978472664
819,heat,4,0.011039659978472664
820,happened,4,0.011039659978472664
821,unmistakable,4,0.011039659978472664
822,reality,4,0.011039659978472664
823,spanish,4,0.011039659978472664
824,giving,4,0.011039659978472664
825,creepin,4,0.011039659978472664
826,instead,4,0.011039659978472664
827,kissing,4,0.011039659978472664
828,told,4,0.011039659978472664
829,picture,4,0.011039659978472664
830,burn,4,0.011039659978472664
831,feet,4,0.011039659978472664
832,moved,4,0.011039659978472664
833,less,4,0.011039659978472664
834,movie,3,0.008279744983854496
835,understood,3,0.008279744983854496
836,static,3,0.008279744983854496
837,proof,3,0.008279744983854496
838,haze,3,0.008279744983854496
839,darlin,3,0.008279744983854496
840,aware,3,0.008279744983854496
841,happen,3,0.008279744983854496
842,chipping,3,0.008279744983854496
843,memorys,3,0.008279744983854496
844,ohhhh,3,0.008279744983854496
845,girls,3,0.008279744983854496
846,escape,3,0.008279744983854496
847,begun,3,0.008279744983854496
848,smiled,3,0.008279744983854496
849,voicing,3,0.008279744983854496
850,teardrop,3,0.008279744983854496
851,aaah,3,0.008279744983854496
852,sitting,3,0.008279744983854496
853,imagine,3,0.008279744983854496
854,waste,3,0.008279744983854496
855,town,3,0.008279744983854496
856,strength,3,0.008279744983854496
857,wind,3,0.008279744983854496
858,tokyo,3,0.008279744983854496
859,none,3,0.008279744983854496
860,count,3,0.008279744983854496
861,blink,3,0.008279744983854496
862,replace,3,0.008279744983854496
863,wrongs,3,0.008279744983854496
864,helplessly,3,0.008279744983854496
865,against,3,0.008279744983854496
866,hardly,3,0.008279744983854496
867,cried,3,0.008279744983854496
868,figured,3,0.008279744983854496
869,trippin,3,0.008279744983854496
870,verse,3,0.008279744983854496
871,gimme,3,0.008279744983854496
872,cos,3,0.008279744983854496
873,fam,3,0.008279744983854496
874,bet,3,0.008279744983854496
875,pictures,3,0.008279744983854496
876,yo,3,0.008279744983854496
877,cannot,3,0.008279744983854496
878,asking,3,0.008279744983854496
879,angel,3,0.008279744983854496
880,catch,3,0.008279744983854496
881,possible,3,0.008279744983854496
882,plays,3,0.008279744983854496
883,bang,3,0.008279744983854496
884,mention,3,0.008279744983854496
885,bullet,3,0.008279744983854496
886,eat,3,0.008279744983854496
887,both,3,0.008279744983854496
888,beach,3,0.008279744983854496
889,withinside,3,0.008279744983854496
890,hidin,3,0.008279744983854496
891,faith,3,0.008279744983854496
892,dawn,3,0.008279744983854496
893,aaahh,3,0.008279744983854496
894,smiling,3,0.008279744983854496
895,talks,3,0.008279744983854496
896,nickall,3,0.008279744983854496
897,drop,3,0.008279744983854496
898,pedigree,3,0.008279744983854496
899,city,3,0.008279744983854496
900,fear,3,0.008279744983854496
901,grocery,3,0.008279744983854496
902,shut,3,0.008279744983854496
903,movies,3,0.008279744983854496
904,vulgar,3,0.008279744983854496
905,selfish,3,0.008279744983854496
906,despite,3,0.008279744983854496
907,shadows,3,0.008279744983854496
908,slip,3,0.008279744983854496
909,rule,3,0.008279744983854496
910,ecstasy,3,0.008279744983854496
911,woo,3,0.008279744983854496
912,hi,3,0.008279744983854496
913,clown,3,0.008279744983854496
914,plane,3,0.008279744983854496
915,yell,3,0.008279744983854496
916,symphony,3,0.008279744983854496
917,somethin,3,0.008279744983854496
918,add,3,0.008279744983854496
919,celebrity,3,0.008279744983854496
920,restaurant,3,0.008279744983854496
921,shorter,3,0.008279744983854496
922,almost,3,0.008279744983854496
923,sounds,3,0.008279744983854496
924,gravity,3,0.008279744983854496
925,silly,3,0.008279744983854496
926,summer,3,0.008279744983854496
927,bath,3,0.008279744983854496
928,written,3,0.008279744983854496
929,guilty,3,0.008279744983854496
930,s,3,0.008279744983854496
931,turns,3,0.008279744983854496
932,mainly,3,0.008279744983854496
933,hits,3,0.008279744983854496
934,waitin,3,0.008279744983854496
935,synthesized,3,0.008279744983854496
936,finished,3,0.008279744983854496
937,edge,3,0.008279744983854496
938,called,3,0.008279744983854496
939,unbroken,3,0.008279744983854496
940,question,3,0.008279744983854496
941,aimed,3,0.008279744983854496
942,lot,3,0.008279744983854496
943,rio,3,0.008279744983854496
944,glance,3,0.008279744983854496
945,accept,3,0.008279744983854496
946,stare,3,0.008279744983854496
947,number,3,0.008279744983854496
948,scene,3,0.008279744983854496
949,2,3,0.008279744983854496
950,whoo,3,0.008279744983854496
951,leads,3,0.008279744983854496
952,brought,3,0.008279744983854496
953,became,3,0.008279744983854496
954,runnin,3,0.008279744983854496
955,hello,3,0.008279744983854496
956,cut,3,0.008279744983854496
957,loving,3,0.008279744983854496
958,exit,3,0.008279744983854496
959,universe,3,0.008279744983854496
960,money,3,0.008279744983854496
961,jumpin,3,0.008279744983854496
962,grave,3,0.008279744983854496
963,miles,3,0.008279744983854496
964,sticking,3,0.008279744983854496
965,stage,3,0.008279744983854496
966,emotions,3,0.008279744983854496
967,sheets,3,0.008279744983854496
968,entirely,3,0.008279744983854496
969,bother,3,0.008279744983854496
970,childs,3,0.008279744983854496
971,impeccable,3,0.008279744983854496
972,monaco,3,0.008279744983854496
973,drives,3,0.008279744983854496
974,club,3,0.008279744983854496
975,glass,3,0.008279744983854496
976,ahead,3,0.008279744983854496
977,followed,3,0.008279744983854496
978,delicate,3,0.008279744983854496
979,uhhh,3,0.008279744983854496
980,needs,3,0.008279744983854496
981,making,3,0.008279744983854496
982,wrote,3,0.008279744983854496
983,damn,3,0.008279744983854496
984,such,3,0.008279744983854496
985,vip,3,0.008279744983854496
986,bodys,3,0.008279744983854496
987,morning,3,0.008279744983854496
988,argument,3,0.008279744983854496
989,learn,3,0.008279744983854496
990,truly,3,0.008279744983854496
991,blue,3,0.008279744983854496
992,booty,3,0.008279744983854496
993,blown,3,0.008279744983854496
994,bleeding,3,0.008279744983854496
995,unloved,3,0.008279744983854496
996,guarantee,3,0.008279744983854496
997,sunshine,3,0.008279744983854496
998,minutes,3,0.008279744983854496
999,cave,3,0.008279744983854496
1000,oughta,3,0.008279744983854496
1001,wasted,3,0.008279744983854496
1002,wondering,3,0.008279744983854496
1003,fun,3,0.008279744983854496
1004,limit,3,0.008279744983854496
1005,ass,3,0.008279744983854496
1006,above,3,0.008279744983854496
1007,rains,3,0.008279744983854496
1008,flow,3,0.008279744983854496
1009,bliss,3,0.008279744983854496
1010,harder,3,0.008279744983854496
1011,point,3,0.008279744983854496
1012,hypnotized,3,0.008279744983854496
1013,spoken,3,0.008279744983854496
1014,course,3,0.008279744983854496
1015,dead,3,0.008279744983854496
1016,endless,3,0.008279744983854496
1017,imagining,3,0.008279744983854496
1018,drove,3,0.008279744983854496
1019,thinkin,3,0.008279744983854496
1020,raging,2,0.005519829989236332
1021,flip,2,0.005519829989236332
1022,sadness,2,0.005519829989236332
1023,pumpin,2,0.005519829989236332
1024,smoking,2,0.005519829989236332
1025,jump,2,0.005519829989236332
1026,twice,2,0.005519829989236332
1027,rights,2,0.005519829989236332
1028,history,2,0.005519829989236332
1029,gunshot,2,0.005519829989236332
1030,shoes,2,0.005519829989236332
1031,dry,2,0.005519829989236332
1032,satisfy,2,0.005519829989236332
1033,silence,2,0.005519829989236332
1034,3,2,0.005519829989236332
1035,memory,2,0.005519829989236332
1036,bleed,2,0.005519829989236332
1037,wine,2,0.005519829989236332
1038,whoooo,2,0.005519829989236332
1039,yea,2,0.005519829989236332
1040,wash,2,0.005519829989236332
1041,internationally,2,0.005519829989236332
1042,sleeping,2,0.005519829989236332
1043,hours,2,0.005519829989236332
1044,fellas,2,0.005519829989236332
1045,fillin,2,0.005519829989236332
1046,drew,2,0.005519829989236332
1047,fooled,2,0.005519829989236332
1048,sad,2,0.005519829989236332
1049,odds,2,0.005519829989236332
1050,human,2,0.005519829989236332
1051,nkotbsb,2,0.005519829989236332
1052,compatible,2,0.005519829989236332
1053,halfway,2,0.005519829989236332
1054,corner,2,0.005519829989236332
1055,frame,2,0.005519829989236332
1056,normally,2,0.005519829989236332
1057,nice,2,0.005519829989236332
1058,completely,2,0.005519829989236332
1059,breakin,2,0.005519829989236332
1060,emptiness,2,0.005519829989236332
1061,note,2,0.005519829989236332
1062,spend,2,0.005519829989236332
1063,measure,2,0.005519829989236332
1064,brothers,2,0.005519829989236332
1065,sex,2,0.005519829989236332
1066,case,2,0.005519829989236332
1067,tall,2,0.005519829989236332
1068,blood,2,0.005519829989236332
1069,fame,2,0.005519829989236332
1070,figure,2,0.005519829989236332
1071,forevers,2,0.005519829989236332
1072,slippin,2,0.005519829989236332
1073,deny,2,0.005519829989236332
1074,risking,2,0.005519829989236332
1075,roads,2,0.005519829989236332
1076,stood,2,0.005519829989236332
1077,brokenhearted,2,0.005519829989236332
1078,illusion,2,0.005519829989236332
1079,reassure,2,0.005519829989236332
1080,situations,2,0.005519829989236332
1081,sings,2,0.005519829989236332
1082,began,2,0.005519829989236332
1083,thatd,2,0.005519829989236332
1084,belong,2,0.005519829989236332
1085,rose,2,0.005519829989236332
1086,circus,2,0.005519829989236332
1087,shades,2,0.005519829989236332
1088,path,2,0.005519829989236332
1089,fadin,2,0.005519829989236332
1090,press,2,0.005519829989236332
1091,im,2,0.005519829989236332
1092,beats,2,0.005519829989236332
1093,wave,2,0.005519829989236332
1094,buy,2,0.005519829989236332
1095,slipping,2,0.005519829989236332
1096,mars,2,0.005519829989236332
1097,streets,2,0.005519829989236332
1098,unless,2,0.005519829989236332
1099,fill,2,0.005519829989236332
1100,cared,2,0.005519829989236332
1101,drama,2,0.005519829989236332
1102,means,2,0.005519829989236332
1103,guy,2,0.005519829989236332
1104,flavor,2,0.005519829989236332
1105,drops,2,0.005519829989236332
1106,owe,2,0.005519829989236332
1107,stays,2,0.005519829989236332
1108,aside,2,0.005519829989236332
1109,mend,2,0.005519829989236332
1110,hoping,2,0.005519829989236332
1111,woods,2,0.005519829989236332
1112,having,2,0.005519829989236332
1113,mistakes,2,0.005519829989236332
1114,fingers,2,0.005519829989236332
1115,mm,2,0.005519829989236332
1116,cards,2,0.005519829989236332
1117,satisfied,2,0.005519829989236332
1118,smilin,2,0.005519829989236332
1119,prices,2,0.005519829989236332
1120,witness,2,0.005519829989236332
1121,quickly,2,0.005519829989236332
1122,believeoh,2,0.005519829989236332
1123,hangin,2,0.005519829989236332
1124,steal,2,0.005519829989236332
1125,style,2,0.005519829989236332
1126,pretending,2,0.005519829989236332
1127,flower,2,0.005519829989236332
1128,wanting,2,0.005519829989236332
1129,unforgiven,2,0.005519829989236332
1130,big,2,0.005519829989236332
1131,flooding,2,0.005519829989236332
1132,beginning,2,0.005519829989236332
1133,enjoy,2,0.005519829989236332
1134,honeys,2,0.005519829989236332
1135,passion,2,0.005519829989236332
1136,sway,2,0.005519829989236332
1137,rhythm,2,0.005519829989236332
1138,soooo,2,0.005519829989236332
1139,fully,2,0.005519829989236332
1140,suitcase,2,0.005519829989236332
1141,screams,2,0.005519829989236332
1142,neeeew,2,0.005519829989236332
1143,bag,2,0.005519829989236332
1144,wrapped,2,0.005519829989236332
1145,sisters,2,0.005519829989236332
1146,alarmed,2,0.005519829989236332
1147,paris,2,0.005519829989236332
1148,worst,2,0.005519829989236332
1149,fate,2,0.005519829989236332
1150,pulled,2,0.005519829989236332
1151,direction,2,0.005519829989236332
1152,twelve,2,0.005519829989236332
1153,reachin,2,0.005519829989236332
1154,downpour,2,0.005519829989236332
1155,turning,2,0.005519829989236332
1156,surround,2,0.005519829989236332
1157,protect,2,0.005519829989236332
1158,month,2,0.005519829989236332
1159,hearin,2,0.005519829989236332
1160,weaker,2,0.005519829989236332
1161,adore,2,0.005519829989236332
1162,countin,2,0.005519829989236332
1163,flashes,2,0.005519829989236332
1164,k,2,0.005519829989236332
1165,instantly,2,0.005519829989236332
1166,handbook,2,0.005519829989236332
1167,yeaheah,2,0.005519829989236332
1168,wildin,2,0.005519829989236332
1169,ghost,2,0.005519829989236332
1170,future,2,0.005519829989236332
1171,dare,2,0.005519829989236332
1172,year,2,0.005519829989236332
1173,clothes,2,0.005519829989236332
1174,ticket,2,0.005519829989236332
1175,oceans,2,0.005519829989236332
1176,gentleman,2,0.005519829989236332
1177,couple,2,0.005519829989236332
1178,gold,2,0.005519829989236332
1179,act,2,0.005519829989236332
1180,spark,2,0.005519829989236332
1181,screamin,2,0.005519829989236332
1182,finger,2,0.005519829989236332
1183,police,2,0.005519829989236332
1184,pouring,2,0.005519829989236332
1185,liar,2,0.005519829989236332
1186,lately,2,0.005519829989236332
1187,funny,2,0.005519829989236332
1188,barely,2,0.005519829989236332
1189,stick,2,0.005519829989236332
1190,yearning,2,0.005519829989236332
1191,beauty,2,0.005519829989236332
1192,gets,2,0.005519829989236332
1193,somethings,2,0.005519829989236332
1194,sexy,2,0.005519829989236332
1195,passes,2,0.005519829989236332
1196,men,2,0.005519829989236332
1197,lungs,2,0.005519829989236332
1198,cryin,2,0.005519829989236332
1199,crowded,2,0.005519829989236332
1200,five,2,0.005519829989236332
1201,daylights,2,0.005519829989236332
1202,push,2,0.005519829989236332
1203,anytime,2,0.005519829989236332
1204,captured,2,0.005519829989236332
1205,simple,2,0.005519829989236332
1206,rush,2,0.005519829989236332
1207,adrenaline,2,0.005519829989236332
1208,sentence,2,0.005519829989236332
1209,driveway,2,0.005519829989236332
1210,1,2,0.005519829989236332
1211,x2,2,0.005519829989236332
1212,seven,2,0.005519829989236332
1213,scenes,2,0.005519829989236332
1214,o,2,0.005519829989236332
1215,instructions,2,0.005519829989236332
1216,hiding,2,0.005519829989236332
1217,adrift,2,0.005519829989236332
1218,easy,2,0.005519829989236332
1219,heartbroken,2,0.005519829989236332
1220,yesterday,2,0.005519829989236332
1221,house,2,0.005519829989236332
1222,affecting,2,0.005519829989236332
1223,special,2,0.005519829989236332
1224,tree,2,0.005519829989236332
1225,surprise,2,0.005519829989236332
1226,laughing,2,0.005519829989236332
1227,playing,2,0.005519829989236332
1228,immature,2,0.005519829989236332
1229,helping,2,0.005519829989236332
1230,rewind,2,0.005519829989236332
1231,faces,2,0.005519829989236332
1232,elses,2,0.005519829989236332
1233,storm,2,0.005519829989236332
1234,fed,2,0.005519829989236332
1235,insane,2,0.005519829989236332
1236,paradise,2,0.005519829989236332
1237,panic,2,0.005519829989236332
1238,darkness,2,0.005519829989236332
1239,hole,2,0.005519829989236332
1240,drinking,2,0.005519829989236332
1241,charged,2,0.005519829989236332
1242,probably,2,0.005519829989236332
1243,jodie,2,0.005519829989236332
1244,salvation,2,0.005519829989236332
1245,loudest,2,0.005519829989236332
1246,lovin,2,0.005519829989236332
1247,disguise,2,0.005519829989236332
1248,battlefield,2,0.005519829989236332
1249,exactly,2,0.005519829989236332
1250,heal,2,0.005519829989236332
1251,glamourously,2,0.005519829989236332
1252,rap,2,0.005519829989236332
1253,25,2,0.005519829989236332
1254,given,2,0.005519829989236332
1255,liquor,2,0.005519829989236332
1256,happy,2,0.005519829989236332
1257,closing,2,0.005519829989236332
1258,smiles,2,0.005519829989236332
1259,anyway,2,0.005519829989236332
1260,lady,2,0.005519829989236332
1261,hurry,2,0.005519829989236332
1262,ocean,2,0.005519829989236332
1263,scars,2,0.005519829989236332
1264,losing,2,0.005519829989236332
1265,honesty,2,0.005519829989236332
1266,fan,2,0.005519829989236332
1267,plan,2,0.005519829989236332
1268,refrain,2,0.005519829989236332
1269,desert,2,0.005519829989236332
1270,carry,2,0.005519829989236332
1271,window,2,0.005519829989236332
1272,although,2,0.005519829989236332
1273,threw,2,0.005519829989236332
1274,gray,2,0.005519829989236332
1275,dying,2,0.005519829989236332
1276,lick,2,0.005519829989236332
1277,pointing,2,0.005519829989236332
1278,scream,2,0.005519829989236332
1279,oohhoohoohooh,2,0.005519829989236332
1280,fault,2,0.005519829989236332
1281,camera,2,0.005519829989236332
1282,return,2,0.005519829989236332
1283,reunite,2,0.005519829989236332
1284,grace,2,0.005519829989236332
1285,ajall,2,0.005519829989236332
1286,constant,2,0.005519829989236332
1287,electronically,2,0.005519829989236332
1288,dreamt,2,0.005519829989236332
1289,hanging,2,0.005519829989236332
1290,send,2,0.005519829989236332
1291,locked,2,0.005519829989236332
1292,team,2,0.005519829989236332
1293,won,2,0.005519829989236332
1294,drained,2,0.005519829989236332
1295,regrets,2,0.005519829989236332
1296,least,2,0.005519829989236332
1297,dragged,2,0.005519829989236332
1298,looked,2,0.005519829989236332
1299,lord,2,0.005519829989236332
1300,wall,2,0.005519829989236332
1301,mixed,2,0.005519829989236332
1302,entire,2,0.005519829989236332
1303,doin,2,0.005519829989236332
1304,velvet,2,0.005519829989236332
1305,n,2,0.005519829989236332
1306,phrase,2,0.005519829989236332
1307,wishin,2,0.005519829989236332
1308,tremble,2,0.005519829989236332
1309,mexico,1,0.002759914994618166
1310,awhile,1,0.002759914994618166
1311,observe,1,0.002759914994618166
1312,sydney,1,0.002759914994618166
1313,blast,1,0.002759914994618166
1314,stranger,1,0.002759914994618166
1315,wouldve,1,0.002759914994618166
1316,fingernails,1,0.002759914994618166
1317,womb,1,0.002759914994618166
1318,ate,1,0.002759914994618166
1319,winning,1,0.002759914994618166
1320,answered,1,0.002759914994618166
1321,brooklyn,1,0.002759914994618166
1322,coward,1,0.002759914994618166
1323,waited,1,0.002759914994618166
1324,stranded,1,0.002759914994618166
1325,unaffected,1,0.002759914994618166
1326,backseat,1,0.002759914994618166
1327,ties,1,0.002759914994618166
1328,diamonds,1,0.002759914994618166
1329,lifted,1,0.002759914994618166
1330,effects,1,0.002759914994618166
1331,missed,1,0.002759914994618166
1332,unlivable,1,0.002759914994618166
1333,battles,1,0.002759914994618166
1334,cynics,1,0.002759914994618166
1335,ride,1,0.002759914994618166
1336,lessons,1,0.002759914994618166
1337,bike,1,0.002759914994618166
1338,fields,1,0.002759914994618166
1339,roses,1,0.002759914994618166
1340,coat,1,0.002759914994618166
1341,working,1,0.002759914994618166
1342,ooohoooh,1,0.002759914994618166
1343,swimming,1,0.002759914994618166
1344,praying,1,0.002759914994618166
1345,tango,1,0.002759914994618166
1346,carelessly,1,0.002759914994618166
1347,tv,1,0.002759914994618166
1348,careless,1,0.002759914994618166
1349,walks,1,0.002759914994618166
1350,photographs,1,0.002759914994618166
1351,joy,1,0.002759914994618166
1352,unfolding,1,0.002759914994618166
1353,decorate,1,0.002759914994618166
1354,crackin,1,0.002759914994618166
1355,wih,1,0.002759914994618166
1356,anybodys,1,0.002759914994618166
1357,hype,1,0.002759914994618166
1358,excuse,1,0.002759914994618166
1359,circumstances,1,0.002759914994618166
1360,prayer,1,0.002759914994618166
1361,lobby,1,0.002759914994618166
1362,unlucky,1,0.002759914994618166
1363,teeth,1,0.002759914994618166
1364,hmm,1,0.002759914994618166
1365,upside,1,0.002759914994618166
1366,attached,1,0.002759914994618166
1367,jammin,1,0.002759914994618166
1368,separate,1,0.002759914994618166
1369,stakes,1,0.002759914994618166
1370,school,1,0.002759914994618166
1371,ready,1,0.002759914994618166
1372,shout,1,0.002759914994618166
1373,addict,1,0.002759914994618166
1374,amazing,1,0.002759914994618166
1375,wastes,1,0.002759914994618166
1376,london,1,0.002759914994618166
1377,rich,1,0.002759914994618166
1378,se√±oritas,1,0.002759914994618166
1379,buenos,1,0.002759914994618166
1380,amazed,1,0.002759914994618166
1381,orleans,1,0.002759914994618166
1382,sent,1,0.002759914994618166
1383,poof,1,0.002759914994618166
1384,tables,1,0.002759914994618166
1385,dreaming,1,0.002759914994618166
1386,deck,1,0.002759914994618166
1387,noticed,1,0.002759914994618166
1388,prayers,1,0.002759914994618166
1389,dial,1,0.002759914994618166
1390,landscape,1,0.002759914994618166
1391,defenses,1,0.002759914994618166
1392,veins,1,0.002759914994618166
1393,herself,1,0.002759914994618166
1394,surprising,1,0.002759914994618166
1395,nickajbrian,1,0.002759914994618166
1396,cries,1,0.002759914994618166
1397,freaks,1,0.002759914994618166
1398,expectations,1,0.002759914994618166
1399,widows,1,0.002759914994618166
1400,biggest,1,0.002759914994618166
1401,moscow,1,0.002759914994618166
1402,gasoline,1,0.002759914994618166
1403,cutting,1,0.002759914994618166
1404,sexuality,1,0.002759914994618166
1405,everynight,1,0.002759914994618166
1406,crime,1,0.002759914994618166
1407,jersey,1,0.002759914994618166
1408,regret,1,0.002759914994618166
1409,bringing,1,0.002759914994618166
1410,lasts,1,0.002759914994618166
1411,dancin,1,0.002759914994618166
1412,painting,1,0.002759914994618166
1413,forward,1,0.002759914994618166
1414,tucked,1,0.002759914994618166
1415,ithear,1,0.002759914994618166
1416,common,1,0.002759914994618166
1417,fights,1,0.002759914994618166
1418,situation,1,0.002759914994618166
1419,warm,1,0.002759914994618166
1420,prize,1,0.002759914994618166
1421,crashing,1,0.002759914994618166
1422,mama,1,0.002759914994618166
1423,vacation,1,0.002759914994618166
1424,six,1,0.002759914994618166
1425,tries,1,0.002759914994618166
1426,sleeve,1,0.002759914994618166
1427,5x,1,0.002759914994618166
1428,unclear,1,0.002759914994618166
1429,nickhowie,1,0.002759914994618166
1430,fancy,1,0.002759914994618166
1431,overdrive,1,0.002759914994618166
1432,thoughts,1,0.002759914994618166
1433,blisters,1,0.002759914994618166
1434,mourn,1,0.002759914994618166
1435,shark,1,0.002759914994618166
1436,brush,1,0.002759914994618166
1437,worth,1,0.002759914994618166
1438,immune,1,0.002759914994618166
1439,white,1,0.002759914994618166
1440,flame,1,0.002759914994618166
1441,ajnick,1,0.002759914994618166
1442,tiny,1,0.002759914994618166
1443,gazin,1,0.002759914994618166
1444,glimpse,1,0.002759914994618166
1445,describe,1,0.002759914994618166
1446,eternally,1,0.002759914994618166
1447,obsessive,1,0.002759914994618166
1448,expression,1,0.002759914994618166
1449,crossed,1,0.002759914994618166
1450,tellin,1,0.002759914994618166
1451,jurys,1,0.002759914994618166
1452,packed,1,0.002759914994618166
1453,bangkok,1,0.002759914994618166
1454,victim,1,0.002759914994618166
1455,finest,1,0.002759914994618166
1456,beer,1,0.002759914994618166
1457,sayin,1,0.002759914994618166
1458,alongside,1,0.002759914994618166
1459,built,1,0.002759914994618166
1460,locking,1,0.002759914994618166
1461,cool,1,0.002759914994618166
1462,troubled,1,0.002759914994618166
1463,sanctuary,1,0.002759914994618166
1464,reveal,1,0.002759914994618166
1465,speeding,1,0.002759914994618166
1466,jerked,1,0.002759914994618166
1467,magic,1,0.002759914994618166
1468,guarantees,1,0.002759914994618166
1469,prisoner,1,0.002759914994618166
1470,clues,1,0.002759914994618166
1471,heartbreak,1,0.002759914994618166
1472,charm,1,0.002759914994618166
1473,miracle,1,0.002759914994618166
1474,moonshine,1,0.002759914994618166
1475,kentucky,1,0.002759914994618166
1476,screenplay,1,0.002759914994618166
1477,afterglow,1,0.002759914994618166
1478,carried,1,0.002759914994618166
1479,dime,1,0.002759914994618166
1480,likes,1,0.002759914994618166
1481,unraveling,1,0.002759914994618166
1482,fuss,1,0.002759914994618166
1483,rottens,1,0.002759914994618166
1484,remind,1,0.002759914994618166
1485,photo,1,0.002759914994618166
1486,delusion,1,0.002759914994618166
1487,harassed,1,0.002759914994618166
1488,official,1,0.002759914994618166
1489,freak,1,0.002759914994618166
1490,sit,1,0.002759914994618166
1491,country,1,0.002759914994618166
1492,twisting,1,0.002759914994618166
1493,drifted,1,0.002759914994618166
1494,glow,1,0.002759914994618166
1495,chin,1,0.002759914994618166
1496,reminds,1,0.002759914994618166
1497,onenight,1,0.002759914994618166
1498,lock,1,0.002759914994618166
1499,shower,1,0.002759914994618166
1500,driving,1,0.002759914994618166
1501,trace,1,0.002759914994618166
1502,standin,1,0.002759914994618166
1503,stong,1,0.002759914994618166
1504,mislead,1,0.002759914994618166
1505,thunder,1,0.002759914994618166
1506,bets,1,0.002759914994618166
1507,drag,1,0.002759914994618166
1508,self,1,0.002759914994618166
1509,emergency,1,0.002759914994618166
1510,opens,1,0.002759914994618166
1511,shuffle,1,0.002759914994618166
1512,able,1,0.002759914994618166
1513,pressin,1,0.002759914994618166
1514,gaze,1,0.002759914994618166
1515,heading,1,0.002759914994618166
1516,spring,1,0.002759914994618166
1517,pitiful,1,0.002759914994618166
1518,wipe,1,0.002759914994618166
1519,advantage,1,0.002759914994618166
1520,slammin,1,0.002759914994618166
1521,humbled,1,0.002759914994618166
1522,daybreak,1,0.002759914994618166
1523,lifes,1,0.002759914994618166
1524,spine,1,0.002759914994618166
1525,price,1,0.002759914994618166
1526,dangerous,1,0.002759914994618166
1527,resistance,1,0.002759914994618166
1528,disrespect,1,0.002759914994618166
1529,singin,1,0.002759914994618166
1530,enemy,1,0.002759914994618166
1531,rot,1,0.002759914994618166
1532,june,1,0.002759914994618166
1533,sister,1,0.002759914994618166
1534,theyll,1,0.002759914994618166
1535,sexiest,1,0.002759914994618166
1536,succeed,1,0.002759914994618166
1537,cinderella,1,0.002759914994618166
1538,shaking,1,0.002759914994618166
1539,welcome,1,0.002759914994618166
1540,tearing,1,0.002759914994618166
1541,11x,1,0.002759914994618166
1542,torn,1,0.002759914994618166
1543,4,1,0.002759914994618166
1544,bon,1,0.002759914994618166
1545,attention,1,0.002759914994618166
1546,unexpected,1,0.002759914994618166
1547,everythin,1,0.002759914994618166
1548,spinnin,1,0.002759914994618166
1549,nyc,1,0.002759914994618166
1550,ends,1,0.002759914994618166
1551,scent,1,0.002759914994618166
1552,heatin,1,0.002759914994618166
1553,stores,1,0.002759914994618166
1554,riding,1,0.002759914994618166
1555,screen,1,0.002759914994618166
1556,wakes,1,0.002759914994618166
1557,givin,1,0.002759914994618166
1558,noise,1,0.002759914994618166
1559,overwhelmed,1,0.002759914994618166
1560,mercy,1,0.002759914994618166
1561,convince,1,0.002759914994618166
1562,famous,1,0.002759914994618166
1563,wiping,1,0.002759914994618166
1564,daylight,1,0.002759914994618166
1565,blacker,1,0.002759914994618166
1566,brianaj,1,0.002759914994618166
1567,rational,1,0.002759914994618166
1568,bridesmaid,1,0.002759914994618166
1569,recognize,1,0.002759914994618166
1570,gloves,1,0.002759914994618166
1571,stared,1,0.002759914994618166
1572,socalled,1,0.002759914994618166
1573,novel,1,0.002759914994618166
1574,calls,1,0.002759914994618166
1575,seat,1,0.002759914994618166
1576,essence,1,0.002759914994618166
1577,filmed,1,0.002759914994618166
1578,tame,1,0.002759914994618166
1579,relationship,1,0.002759914994618166
1580,speak,1,0.002759914994618166
1581,button,1,0.002759914994618166
1582,paranoid,1,0.002759914994618166
1583,butterfly,1,0.002759914994618166
1584,breathed,1,0.002759914994618166
1585,mattered,1,0.002759914994618166
1586,brings,1,0.002759914994618166
1587,holdin,1,0.002759914994618166
1588,disco,1,0.002759914994618166
1589,class,1,0.002759914994618166
1590,policy,1,0.002759914994618166
1591,jeans,1,0.002759914994618166
1592,memorizing,1,0.002759914994618166
1593,liked,1,0.002759914994618166
1594,wishing,1,0.002759914994618166
1595,foolishly,1,0.002759914994618166
1596,criticize,1,0.002759914994618166
1597,scripted,1,0.002759914994618166
1598,ships,1,0.002759914994618166
1599,downtown,1,0.002759914994618166
1600,getanother,1,0.002759914994618166
1601,trapped,1,0.002759914994618166
1602,poisoning,1,0.002759914994618166
1603,mothers,1,0.002759914994618166
1604,blooming,1,0.002759914994618166
1605,clouds,1,0.002759914994618166
1606,mess,1,0.002759914994618166
1607,strangers,1,0.002759914994618166
1608,gunna,1,0.002759914994618166
1609,loser,1,0.002759914994618166
1610,dyin,1,0.002759914994618166
1611,clue,1,0.002759914994618166
1612,reignite,1,0.002759914994618166
1613,farther,1,0.002759914994618166
1614,laying,1,0.002759914994618166
1615,band,1,0.002759914994618166
1616,beijing,1,0.002759914994618166
1617,incredible,1,0.002759914994618166
1618,inspiration,1,0.002759914994618166
1619,pack,1,0.002759914994618166
1620,shoplift,1,0.002759914994618166
1621,factory,1,0.002759914994618166
1622,oohoohoohooh,1,0.002759914994618166
1623,throws,1,0.002759914994618166
1624,fills,1,0.002759914994618166
1625,ignore,1,0.002759914994618166
1626,suddenly,1,0.002759914994618166
1627,inhales,1,0.002759914994618166
1628,bride,1,0.002759914994618166
1629,tenderly,1,0.002759914994618166
1630,predicted,1,0.002759914994618166
1631,eyelids,1,0.002759914994618166
1632,vibe,1,0.002759914994618166
1633,sweatin,1,0.002759914994618166
1634,reminding,1,0.002759914994618166
1635,later,1,0.002759914994618166
1636,smeared,1,0.002759914994618166
1637,outta,1,0.002759914994618166
1638,beating,1,0.002759914994618166
1639,stairs,1,0.002759914994618166
1640,guard,1,0.002759914994618166
1641,carved,1,0.002759914994618166
1642,box,1,0.002759914994618166
1643,caused,1,0.002759914994618166
1644,complainin,1,0.002759914994618166
1645,amo,1,0.002759914994618166
1646,strange,1,0.002759914994618166
1647,river,1,0.002759914994618166
1648,remote,1,0.002759914994618166
1649,whooo,1,0.002759914994618166
1650,fathers,1,0.002759914994618166
1651,mayccome,1,0.002759914994618166
1652,patio,1,0.002759914994618166
1653,hypocritical,1,0.002759914994618166
1654,blessing,1,0.002759914994618166
1655,fiend,1,0.002759914994618166
1656,bsbs,1,0.002759914994618166
1657,longer,1,0.002759914994618166
1658,disappear,1,0.002759914994618166
1659,york,1,0.002759914994618166
1660,faster,1,0.002759914994618166
1661,list,1,0.002759914994618166
1662,noooooooooooooo,1,0.002759914994618166
1663,refill,1,0.002759914994618166
1664,grip,1,0.002759914994618166
1665,6x,1,0.002759914994618166
1666,x,1,0.002759914994618166
1667,granted,1,0.002759914994618166
1668,grey,1,0.002759914994618166
1669,lives,1,0.002759914994618166
1670,skies,1,0.002759914994618166
1671,sense,1,0.002759914994618166
1672,guiding,1,0.002759914994618166
1673,system,1,0.002759914994618166
1674,pesos,1,0.002759914994618166
1675,smack,1,0.002759914994618166
1676,dreamed,1,0.002759914994618166
1677,four,1,0.002759914994618166
1678,satisfies,1,0.002759914994618166
1679,intimate,1,0.002759914994618166
1680,floating,1,0.002759914994618166
1681,commitment,1,0.002759914994618166
1682,often,1,0.002759914994618166
1683,sorrows,1,0.002759914994618166
1684,everyoneyeah,1,0.002759914994618166
1685,shatter,1,0.002759914994618166
1686,son,1,0.002759914994618166
1687,flight,1,0.002759914994618166
1688,amber,1,0.002759914994618166
1689,homegrown,1,0.002759914994618166
1690,picking,1,0.002759914994618166
1691,overoverthinking,1,0.002759914994618166
1692,silences,1,0.002759914994618166
1693,suspicious,1,0.002759914994618166
1694,usually,1,0.002759914994618166
1695,struggle,1,0.002759914994618166
1696,destination,1,0.002759914994618166
1697,tough,1,0.002759914994618166
1698,possibility,1,0.002759914994618166
1699,aires,1,0.002759914994618166
1700,mountains,1,0.002759914994618166
1701,losin,1,0.002759914994618166
1702,faaaaaaallll,1,0.002759914994618166
1703,fail,1,0.002759914994618166
1704,dames,1,0.002759914994618166
1705,denying,1,0.002759914994618166
1706,confession,1,0.002759914994618166
1707,wannabelieve,1,0.002759914994618166
1708,crack,1,0.002759914994618166
1709,bottle,1,0.002759914994618166
1710,yall,1,0.002759914994618166
1711,happier,1,0.002759914994618166
1712,stopped,1,0.002759914994618166
1713,blindness,1,0.002759914994618166
1714,senses,1,0.002759914994618166
1715,understands,1,0.002759914994618166
1716,soft,1,0.002759914994618166
1717,flatters,1,0.002759914994618166
1718,crimson,1,0.002759914994618166
1719,mission,1,0.002759914994618166
1720,grumps,1,0.002759914994618166
1721,mysteries,1,0.002759914994618166
1722,blonder,1,0.002759914994618166
1723,stepped,1,0.002759914994618166
1724,delight,1,0.002759914994618166
1725,cute,1,0.002759914994618166
1726,healed,1,0.002759914994618166
1727,cuts,1,0.002759914994618166
1728,gently,1,0.002759914994618166
1729,radio,1,0.002759914994618166
1730,thinks,1,0.002759914994618166
1731,week,1,0.002759914994618166
1732,controls,1,0.002759914994618166
1733,surrender,1,0.002759914994618166
1734,cornerstone,1,0.002759914994618166
1735,plead,1,0.002759914994618166
1736,fallen,1,0.002759914994618166
1737,ago,1,0.002759914994618166
1738,beyond,1,0.002759914994618166
1739,treasure,1,0.002759914994618166
1740,neareverytime,1,0.002759914994618166
1741,ohho,1,0.002759914994618166
1742,tells,1,0.002759914994618166
1743,m√©xico,1,0.002759914994618166
1744,uncanny,1,0.002759914994618166
1745,check,1,0.002759914994618166
1746,quiet,1,0.002759914994618166
1747,setting,1,0.002759914994618166
1748,bittersweet,1,0.002759914994618166
1749,sets,1,0.002759914994618166
1750,lion,1,0.002759914994618166
1751,fanatic,1,0.002759914994618166
1752,luckiest,1,0.002759914994618166
1753,juan,1,0.002759914994618166
1754,park,1,0.002759914994618166
1755,rules,1,0.002759914994618166
1756,arrived,1,0.002759914994618166
1757,margaritas,1,0.002759914994618166
1758,carpet,1,0.002759914994618166
1759,feeding,1,0.002759914994618166
1760,saturday,1,0.002759914994618166
1761,witchu,1,0.002759914994618166
1762,wiped,1,0.002759914994618166
1763,rearranged,1,0.002759914994618166
1764,freeze,1,0.002759914994618166
1765,angle,1,0.002759914994618166
1766,follow,1,0.002759914994618166
1767,tattoo,1,0.002759914994618166
1768,solider,1,0.002759914994618166
1769,uhbaby,1,0.002759914994618166
1770,tragical,1,0.002759914994618166
1771,jealousy,1,0.002759914994618166
1772,ooooh,1,0.002759914994618166
1773,stained,1,0.002759914994618166
1774,eternity,1,0.002759914994618166
1775,mesmerizing,1,0.002759914994618166
1776,ritual,1,0.002759914994618166
1777,uhoh,1,0.002759914994618166
1778,rolled,1,0.002759914994618166
1779,cream,1,0.002759914994618166
1780,intense,1,0.002759914994618166
1781,third,1,0.002759914994618166
1782,spaces,1,0.002759914994618166
1783,travel,1,0.002759914994618166
1784,paper,1,0.002759914994618166
1785,unforgettable,1,0.002759914994618166
1786,navo,1,0.002759914994618166
1787,simply,1,0.002759914994618166
1788,ruin,1,0.002759914994618166
1789,scare,1,0.002759914994618166
1790,wet,1,0.002759914994618166
1791,candle,1,0.002759914994618166
1792,granite,1,0.002759914994618166
1793,dreamin,1,0.002759914994618166
1794,shown,1,0.002759914994618166
1795,ruthless,1,0.002759914994618166
1796,anothers,1,0.002759914994618166
1797,meteor,1,0.002759914994618166
1798,tequila,1,0.002759914994618166
1799,ooooo,1,0.002759914994618166
1800,buttons,1,0.002759914994618166
1801,nobodys,1,0.002759914994618166
1802,melting,1,0.002759914994618166
1803,howienick,1,0.002759914994618166
1804,lynx,1,0.002759914994618166
1805,seek,1,0.002759914994618166
1806,wounds,1,0.002759914994618166
1807,loss,1,0.002759914994618166
1808,small,1,0.002759914994618166
1809,eats,1,0.002759914994618166
1810,raining,1,0.002759914994618166
1811,creative,1,0.002759914994618166
1812,daytime,1,0.002759914994618166
1813,gon,1,0.002759914994618166
1814,triple,1,0.002759914994618166
1815,stripped,1,0.002759914994618166
1816,fantasy,1,0.002759914994618166
1817,memorized,1,0.002759914994618166
1818,resemble,1,0.002759914994618166
1819,slept,1,0.002759914994618166
1820,refuse,1,0.002759914994618166
1821,type,1,0.002759914994618166
1822,mirrors,1,0.002759914994618166
1823,convinced,1,0.002759914994618166
1824,pearls,1,0.002759914994618166
1825,drapes,1,0.002759914994618166
1826,fresh,1,0.002759914994618166
1827,leading,1,0.002759914994618166
1828,twenty,1,0.002759914994618166
1829,buys,1,0.002759914994618166
1830,hundred,1,0.002759914994618166
1831,earth,1,0.002759914994618166
1832,chose,1,0.002759914994618166
1833,inconsistency,1,0.002759914994618166
1834,record,1,0.002759914994618166
1835,shell,1,0.002759914994618166
1836,midnight,1,0.002759914994618166
1837,weather,1,0.002759914994618166
1838,shirts,1,0.002759914994618166
1839,july,1,0.002759914994618166
1840,rare,1,0.002759914994618166
1841,flooded,1,0.002759914994618166
1842,safe,1,0.002759914994618166
1843,seasons,1,0.002759914994618166
1844,conflicted,1,0.002759914994618166
1845,certain,1,0.002759914994618166
1846,slowly,1,0.002759914994618166
1847,risk,1,0.002759914994618166
1848,comprehend,1,0.002759914994618166
1849,ladies,1,0.002759914994618166
1850,neck,1,0.002759914994618166
1851,doors,1,0.002759914994618166
1852,leaves,1,0.002759914994618166
1853,rehearse,1,0.002759914994618166
1854,fools,1,0.002759914994618166
1855,oohoohoohoohoohoohooh,1,0.002759914994618166
1856,proud,1,0.002759914994618166
1857,purple,1,0.002759914994618166
1858,born,1,0.002759914994618166
1859,knight,1,0.002759914994618166
1860,great,1,0.002759914994618166
1861,chardonnay,1,0.002759914994618166
1862,songs,1,0.002759914994618166
1863,hypnotic,1,0.002759914994618166
1864,couldve,1,0.002759914994618166
1865,teardrops,1,0.002759914994618166
1866,sigh,1,0.002759914994618166
1867,pleasure,1,0.002759914994618166
1868,flies,1,0.002759914994618166
1869,hairs,1,0.002759914994618166
1870,material,1,0.002759914994618166
1871,imagination,1,0.002759914994618166
1872,options,1,0.002759914994618166
1873,replaced,1,0.002759914994618166
1874,plans,1,0.002759914994618166
1875,cable,1,0.002759914994618166
1876,trends,1,0.002759914994618166
1877,anyplace,1,0.002759914994618166
1878,handle,1,0.002759914994618166
1879,shield,1,0.002759914994618166
1880,gi,1,0.002759914994618166
1881,snow,1,0.002759914994618166
1882,attack,1,0.002759914994618166
1883,distant,1,0.002759914994618166
1884,expect,1,0.002759914994618166
1885,waters,1,0.002759914994618166
1886,yeahhhh,1,0.002759914994618166
1887,serving,1,0.002759914994618166
1888,monday,1,0.002759914994618166
1889,scattered,1,0.002759914994618166
1890,whod,1,0.002759914994618166
1891,sink,1,0.002759914994618166
1892,grass,1,0.002759914994618166
1893,rome,1,0.002759914994618166
1894,gypsies,1,0.002759914994618166
1895,insecure,1,0.002759914994618166
1896,themselves,1,0.002759914994618166
1897,brianhowie,1,0.002759914994618166
1898,drown,1,0.002759914994618166
1899,suspense,1,0.002759914994618166
1900,habitual,1,0.002759914994618166
1901,tide,1,0.002759914994618166
1902,hourglass,1,0.002759914994618166
1903,echoing,1,0.002759914994618166
1904,berlin,1,0.002759914994618166
1905,kitchen,1,0.002759914994618166
1906,realitys,1,0.002759914994618166
1907,imagines,1,0.002759914994618166
1908,spot,1,0.002759914994618166
1909,suffocate,1,0.002759914994618166
1910,misses,1,0.002759914994618166
1911,map,1,0.002759914994618166
1912,fiction,1,0.002759914994618166
1913,continue,1,0.002759914994618166
1914,innovative,1,0.002759914994618166
1915,sweeter,1,0.002759914994618166
1916,whose,1,0.002759914994618166
1917,hurricane,1,0.002759914994618166
1918,weak,1,0.002759914994618166
1919,spoiled,1,0.002759914994618166
1920,lovely,1,0.002759914994618166
1921,stone,1,0.002759914994618166
1922,gifts,1,0.002759914994618166
1923,eating,1,0.002759914994618166
1924,south,1,0.002759914994618166
1925,heals,1,0.002759914994618166
1926,someones,1,0.002759914994618166
1927,makeem,1,0.002759914994618166
1928,holes,1,0.002759914994618166
1929,force,1,0.002759914994618166
1930,street,1,0.002759914994618166
1931,invisible,1,0.002759914994618166
1932,burns,1,0.002759914994618166
1933,amazes,1,0.002759914994618166
1934,confusion,1,0.002759914994618166
1935,desperately,1,0.002759914994618166
1936,windows,1,0.002759914994618166
1937,runs,1,0.002759914994618166
1938,washed,1,0.002759914994618166
1939,actin,1,0.002759914994618166
1940,ohhhhh,1,0.002759914994618166
1941,clueit,1,0.002759914994618166
1942,seeing,1,0.002759914994618166
1943,problems,1,0.002759914994618166
1944,dodging,1,0.002759914994618166
1945,missin,1,0.002759914994618166
1946,tiger,1,0.002759914994618166
1947,knock,1,0.002759914994618166
1948,sinner,1,0.002759914994618166
1949,mask,1,0.002759914994618166
1950,cares,1,0.002759914994618166
1951,erratic,1,0.002759914994618166
1952,attitude,1,0.002759914994618166
1953,keeping,1,0.002759914994618166
1954,pay,1,0.002759914994618166
1955,whispered,1,0.002759914994618166
1956,listening,1,0.002759914994618166
1957,everyones,1,0.002759914994618166
1958,ease,1,0.002759914994618166
1959,brakes,1,0.002759914994618166
1960,wraps,1,0.002759914994618166
1961,stockholm,1,0.002759914994618166
1962,queens,1,0.002759914994618166
1963,romance,1,0.002759914994618166
1964,suffering,1,0.002759914994618166
1965,trick,1,0.002759914994618166
1966,faithful,1,0.002759914994618166
1967,orange,1,0.002759914994618166
1968,children,1,0.002759914994618166
1969,candy,1,0.002759914994618166
1970,whove,1,0.002759914994618166
1971,starbucks,1,0.002759914994618166
1972,relief,1,0.002759914994618166
1973,critical,1,0.002759914994618166
1974,swim,1,0.002759914994618166
1975,willow,1,0.002759914994618166
1976,woah,1,0.002759914994618166
1977,greener,1,0.002759914994618166
1978,grove,1,0.002759914994618166
1979,forgot,1,0.002759914994618166
1980,toll,1,0.002759914994618166
1981,x3,1,0.002759914994618166
1982,ordinary,1,0.002759914994618166
1983,warning,1,0.002759914994618166
1984,decided,1,0.002759914994618166
1985,san,1,0.002759914994618166
1986,wire,1,0.002759914994618166
1987,slam,1,0.002759914994618166
1988,makeup,1,0.002759914994618166
1989,wihout,1,0.002759914994618166
1990,uuuuuh,1,0.002759914994618166
1991,weaved,1,0.002759914994618166
1992,mountain,1,0.002759914994618166
1993,calm,1,0.002759914994618166
1994,swingin,1,0.002759914994618166
1995,sat,1,0.002759914994618166
1996,cheer,1,0.002759914994618166
1997,fraps,1,0.002759914994618166
1998,blend,1,0.002759914994618166
1999,business,1,0.002759914994618166
2000,sugar,1,0.002759914994618166
2001,storys,1,0.002759914994618166
2002,sharin,1,0.002759914994618166
2003,jupiter,1,0.002759914994618166
2004,voices,1,0.002759914994618166
2005,hopes,1,0.002759914994618166
2006,chair,1,0.002759914994618166
2007,growing,1,0.002759914994618166
2008,shouldnt,1,0.002759914994618166
2009,chasing,1,0.002759914994618166
2010,southern,1,0.002759914994618166
2011,contradiction,1,0.002759914994618166
2012,learned,1,0.002759914994618166
2013,happens,1,0.002759914994618166
2014,breakdown,1,0.002759914994618166
2015,taught,1,0.002759914994618166
2016,frames,1,0.002759914994618166
2017,e,1,0.002759914994618166
2018,hang,1,0.002759914994618166
2019,california,1,0.002759914994618166
2020,youre,1,0.002759914994618166
2021,void,1,0.002759914994618166
2022,keepin,1,0.002759914994618166
2023,most,1,0.002759914994618166
2024,pushing,1,0.002759914994618166
2025,reckless,1,0.002759914994618166
2026,funky,1,0.002759914994618166
2027,spirits,1,0.002759914994618166
2028,slipped,1,0.002759914994618166
2029,whoaa,1,0.002759914994618166
2030,drinks,1,0.002759914994618166
2031,beep,1,0.002759914994618166
2032,alphabet,1,0.002759914994618166
2033,rings,1,0.002759914994618166
2034,flows,1,0.002759914994618166
2035,colors,1,0.002759914994618166
2036,ego,1,0.002759914994618166
2037,takin,1,0.002759914994618166
2038,survive,1,0.002759914994618166
2039,restart,1,0.002759914994618166
2040,laughed,1,0.002759914994618166
2041,denial,1,0.002759914994618166
2042,fella,1,0.002759914994618166
2043,esteem,1,0.002759914994618166
2044,disappointed,1,0.002759914994618166
2045,sleepin,1,0.002759914994618166
2046,cape,1,0.002759914994618166
2047,rescue,1,0.002759914994618166
2048,guide,1,0.002759914994618166
2049,willing,1,0.002759914994618166
2050,hungry,1,0.002759914994618166
2051,navigation,1,0.002759914994618166
2052,blow,1,0.002759914994618166
2053,drain,1,0.002759914994618166
2054,crashin,1,0.002759914994618166
2055,justify,1,0.002759914994618166
2056,realized,1,0.002759914994618166
2057,memphis,1,0.002759914994618166
2058,battered,1,0.002759914994618166
2059,heartstrings,1,0.002759914994618166
2060,unconditionally,1,0.002759914994618166
2061,cigarettes,1,0.002759914994618166
2062,gives,1,0.002759914994618166
2063,nasty,1,0.002759914994618166
2064,dignity,1,0.002759914994618166
2065,messed,1,0.002759914994618166
2066,sifting,1,0.002759914994618166
2067,starting,1,0.002759914994618166
2068,wound,1,0.002759914994618166
2069,scrolling,1,0.002759914994618166
2070,tender,1,0.002759914994618166
2071,whishin,1,0.002759914994618166
2072,te,1,0.002759914994618166
2073,strictly,1,0.002759914994618166
2074,beg,1,0.002759914994618166
2075,instrument,1,0.002759914994618166
2076,sons,1,0.002759914994618166
2077,brother,1,0.002759914994618166
2078,sippin,1,0.002759914994618166
2079,underneath,1,0.002759914994618166
2080,fallin,1,0.002759914994618166
2081,kings,1,0.002759914994618166
2082,ear,1,0.002759914994618166
2083,honest,1,0.002759914994618166
2084,dear,1,0.002759914994618166
2085,rising,1,0.002759914994618166
2086,table,1,0.002759914994618166
2087,details,1,0.002759914994618166
2088,pushed,1,0.002759914994618166
2089,consideration,1,0.002759914994618166
2090,glad,1,0.002759914994618166
2091,elevators,1,0.002759914994618166
2092,drink,1,0.002759914994618166
2093,notebook,1,0.002759914994618166
2094,dresses,1,0.002759914994618166
2095,perfume,1,0.002759914994618166
2096,sentimental,1,0.002759914994618166
